{
    "Logistic Regression": {
        "evaluation_metrics": {
            "accuracy": 0.7433333333333333,
            "precision": 0.74517265076957,
            "recall": 0.7433333333333333,
            "f1_score": 0.7439202284310079,
            "matthews_corrcoef": 0.6574651336085651,
            "auc": 0.5793981826332433
        },
        "confusion_matrix": [
            [
                41,
                0,
                13,
                14
            ],
            [
                0,
                67,
                13,
                0
            ],
            [
                10,
                9,
                50,
                3
            ],
            [
                15,
                0,
                0,
                65
            ]
        ],
        "multilabel_confusion_matrix": [
            {
                "Class": "low",
                "TP": 41,
                "FP": 25,
                "FN": 27,
                "TN": 207
            },
            {
                "Class": "medium",
                "TP": 67,
                "FP": 9,
                "FN": 13,
                "TN": 211
            },
            {
                "Class": "high",
                "TP": 50,
                "FP": 26,
                "FN": 22,
                "TN": 202
            },
            {
                "Class": "very high",
                "TP": 65,
                "FP": 17,
                "FN": 15,
                "TN": 203
            }
        ]
    },
    "Naive Bayes": {
        "evaluation_metrics": {
            "accuracy": 0.8233333333333334,
            "precision": 0.8328364871923161,
            "recall": 0.8233333333333334,
            "f1_score": 0.8248831704640311,
            "matthews_corrcoef": 0.7665638249274778,
            "auc": 0.5840553836018633
        },
        "confusion_matrix": [
            [
                55,
                0,
                5,
                8
            ],
            [
                0,
                75,
                5,
                0
            ],
            [
                13,
                7,
                52,
                0
            ],
            [
                15,
                0,
                0,
                65
            ]
        ],
        "multilabel_confusion_matrix": [
            {
                "Class": "low",
                "TP": 55,
                "FP": 28,
                "FN": 13,
                "TN": 204
            },
            {
                "Class": "medium",
                "TP": 75,
                "FP": 7,
                "FN": 5,
                "TN": 213
            },
            {
                "Class": "high",
                "TP": 52,
                "FP": 10,
                "FN": 20,
                "TN": 218
            },
            {
                "Class": "very high",
                "TP": 65,
                "FP": 8,
                "FN": 15,
                "TN": 212
            }
        ]
    },
    "Random Forest": {
        "evaluation_metrics": {
            "accuracy": 0.88,
            "precision": 0.8804540386838096,
            "recall": 0.88,
            "f1_score": 0.8799655331635313,
            "matthews_corrcoef": 0.8399151196121293,
            "auc": 0.5791151785662936
        },
        "confusion_matrix": [
            [
                57,
                0,
                4,
                7
            ],
            [
                0,
                75,
                5,
                0
            ],
            [
                7,
                6,
                59,
                0
            ],
            [
                7,
                0,
                0,
                73
            ]
        ],
        "multilabel_confusion_matrix": [
            {
                "Class": "low",
                "TP": 57,
                "FP": 14,
                "FN": 11,
                "TN": 218
            },
            {
                "Class": "medium",
                "TP": 75,
                "FP": 6,
                "FN": 5,
                "TN": 214
            },
            {
                "Class": "high",
                "TP": 59,
                "FP": 9,
                "FN": 13,
                "TN": 219
            },
            {
                "Class": "very high",
                "TP": 73,
                "FP": 7,
                "FN": 7,
                "TN": 213
            }
        ]
    },
    "XGBoost": {
        "evaluation_metrics": {
            "accuracy": 0.9,
            "precision": 0.9010653129224827,
            "recall": 0.9,
            "f1_score": 0.9001831713770085,
            "matthews_corrcoef": 0.8667398688905822,
            "auc": 0.6019876110217868
        },
        "confusion_matrix": [
            [
                57,
                0,
                6,
                5
            ],
            [
                0,
                75,
                5,
                0
            ],
            [
                2,
                4,
                66,
                0
            ],
            [
                8,
                0,
                0,
                72
            ]
        ],
        "multilabel_confusion_matrix": [
            {
                "Class": "low",
                "TP": 57,
                "FP": 10,
                "FN": 11,
                "TN": 222
            },
            {
                "Class": "medium",
                "TP": 75,
                "FP": 4,
                "FN": 5,
                "TN": 216
            },
            {
                "Class": "high",
                "TP": 66,
                "FP": 11,
                "FN": 6,
                "TN": 217
            },
            {
                "Class": "very high",
                "TP": 72,
                "FP": 5,
                "FN": 8,
                "TN": 215
            }
        ]
    },
    "Decision Tree": {
        "evaluation_metrics": {
            "accuracy": 0.8466666666666667,
            "precision": 0.8481977544418592,
            "recall": 0.8466666666666667,
            "f1_score": 0.8462068332349663,
            "matthews_corrcoef": 0.7960197034970348,
            "auc": 0.5789331762318211
        },
        "confusion_matrix": [
            [
                48,
                0,
                9,
                11
            ],
            [
                0,
                72,
                8,
                0
            ],
            [
                4,
                4,
                64,
                0
            ],
            [
                10,
                0,
                0,
                70
            ]
        ],
        "multilabel_confusion_matrix": [
            {
                "Class": "low",
                "TP": 48,
                "FP": 14,
                "FN": 20,
                "TN": 218
            },
            {
                "Class": "medium",
                "TP": 72,
                "FP": 4,
                "FN": 8,
                "TN": 216
            },
            {
                "Class": "high",
                "TP": 64,
                "FP": 17,
                "FN": 8,
                "TN": 211
            },
            {
                "Class": "very high",
                "TP": 70,
                "FP": 11,
                "FN": 10,
                "TN": 209
            }
        ]
    },
    "kNN": {
        "evaluation_metrics": {
            "accuracy": 0.9466666666666667,
            "precision": 0.946372659979966,
            "recall": 0.9466666666666667,
            "f1_score": 0.9463849128067545,
            "matthews_corrcoef": 0.9288281714167415,
            "auc": 0.5142415763808685
        },